Model Name,Granularity,Magnification,Modality,Pretrain,Frozen,Vote,Accuracy
ResNet152,512,20x,texture,scratch,unfrozen,novote,45.46
ResNet152,512,20x,texture,scratch,unfrozen,vote,48.89
ResNet152,512,20x,texture,scratch,frozen,novote,46.33
ResNet152,512,20x,texture,scratch,frozen,vote,50.58
ResNet152,512,20x,texture,pretrained,unfrozen,novote,36.66
ResNet152,512,20x,texture,pretrained,unfrozen,vote,33.02
ResNet152,512,20x,texture,pretrained,frozen,novote,34.12
ResNet152,512,20x,texture,pretrained,frozen,vote,36.72
ResNet152,512,20x,heightmap,scratch,unfrozen,novote,34.0
ResNet152,512,20x,heightmap,scratch,unfrozen,vote,34.92
ResNet152,512,20x,heightmap,scratch,frozen,novote,31.9
ResNet152,512,20x,heightmap,scratch,frozen,vote,28.47
ResNet152,512,20x,heightmap,pretrained,unfrozen,novote,31.9
ResNet152,512,20x,heightmap,pretrained,unfrozen,vote,27.94
ResNet152,512,20x,heightmap,pretrained,frozen,novote,29.43
ResNet152,512,20x,heightmap,pretrained,frozen,vote,35.45
ResNet152,512,20x+50x,texture,scratch,unfrozen,novote,36.0
ResNet152,512,20x+50x,texture,scratch,unfrozen,vote,38.25
ResNet152,512,20x+50x,texture,scratch,frozen,novote,39.75
ResNet152,512,20x+50x,texture,scratch,frozen,vote,37.5
ResNet152,512,20x+50x,texture,pretrained,unfrozen,novote,40.25
ResNet152,512,20x+50x,texture,pretrained,unfrozen,vote,44.25
ResNet152,512,20x+50x,texture,pretrained,frozen,novote,53.75
ResNet152,512,20x+50x,texture,pretrained,frozen,vote,58.5
ResNet152,512,20x+50x,heightmap,scratch,unfrozen,novote,56.2
ResNet152,512,20x+50x,heightmap,scratch,unfrozen,vote,47.79
ResNet152,512,20x+50x,heightmap,scratch,frozen,novote,38.8
ResNet152,512,20x+50x,heightmap,scratch,frozen,vote,38.24
ResNet152,512,20x+50x,heightmap,pretrained,unfrozen,novote,50.8
ResNet152,512,20x+50x,heightmap,pretrained,unfrozen,vote,44.12
ResNet152,512,20x+50x,heightmap,pretrained,frozen,novote,60.4
ResNet152,512,20x+50x,heightmap,pretrained,frozen,vote,61.76
ResNet152,512,50x,texture,scratch,unfrozen,novote,39.0
ResNet152,512,50x,texture,scratch,unfrozen,vote,30.77
ResNet152,512,50x,texture,scratch,frozen,novote,26.0
ResNet152,512,50x,texture,scratch,frozen,vote,28.85
ResNet152,512,50x,texture,pretrained,unfrozen,novote,32.0
ResNet152,512,50x,texture,pretrained,unfrozen,vote,28.85
ResNet152,512,50x,texture,pretrained,frozen,novote,51.58
ResNet152,512,50x,texture,pretrained,frozen,vote,51.92
ResNet152,512,50x,heightmap,scratch,unfrozen,novote,50.5
ResNet152,512,50x,heightmap,scratch,unfrozen,vote,39.42
ResNet152,512,50x,heightmap,scratch,frozen,novote,35.25
ResNet152,512,50x,heightmap,scratch,frozen,vote,31.73
ResNet152,512,50x,heightmap,pretrained,unfrozen,novote,42.17
ResNet152,512,50x,heightmap,pretrained,unfrozen,vote,29.81
ResNet152,512,50x,heightmap,pretrained,frozen,novote,59.0
ResNet152,512,50x,heightmap,pretrained,frozen,vote,53.85
ResNet152,256,20x,texture,scratch,unfrozen,novote,38.96
ResNet152,256,20x,texture,scratch,unfrozen,vote,45.84
ResNet152,256,20x,texture,scratch,frozen,novote,30.74
ResNet152,256,20x,texture,scratch,frozen,vote,33.13
ResNet152,256,20x,texture,pretrained,unfrozen,novote,49.57
ResNet152,256,20x,texture,pretrained,unfrozen,vote,55.82
ResNet152,256,20x,texture,pretrained,frozen,novote,34.67
ResNet152,256,20x,texture,pretrained,frozen,vote,38.22
ResNet152,256,20x,heightmap,scratch,unfrozen,novote,37.43
ResNet152,256,20x,heightmap,scratch,unfrozen,vote,40.61
ResNet152,256,20x,heightmap,scratch,frozen,novote,31.26
ResNet152,256,20x,heightmap,scratch,frozen,vote,32.9
ResNet152,256,20x,heightmap,pretrained,unfrozen,novote,32.88
ResNet152,256,20x,heightmap,pretrained,unfrozen,vote,34.8
ResNet152,256,20x,heightmap,pretrained,frozen,novote,35.23
ResNet152,256,20x,heightmap,pretrained,frozen,vote,38.54
ResNet152,256,20x+50x,texture,scratch,unfrozen,novote,47.21
ResNet152,256,20x+50x,texture,scratch,unfrozen,vote,50.91
ResNet152,256,20x+50x,texture,scratch,frozen,novote,39.86
ResNet152,256,20x+50x,texture,scratch,frozen,vote,46.59
ResNet152,256,20x+50x,texture,pretrained,unfrozen,novote,45.89
ResNet152,256,20x+50x,texture,pretrained,unfrozen,vote,46.14
ResNet152,256,20x+50x,texture,pretrained,frozen,novote,48.68
ResNet152,256,20x+50x,texture,pretrained,frozen,vote,54.77
ResNet152,256,20x+50x,heightmap,scratch,unfrozen,novote,48.29
ResNet152,256,20x+50x,heightmap,scratch,unfrozen,vote,55.91
ResNet152,256,20x+50x,heightmap,scratch,frozen,novote,39.68
ResNet152,256,20x+50x,heightmap,scratch,frozen,vote,41.36
ResNet152,256,20x+50x,heightmap,pretrained,unfrozen,novote,53.32
ResNet152,256,20x+50x,heightmap,pretrained,unfrozen,vote,59.32
ResNet152,256,20x+50x,heightmap,pretrained,frozen,novote,55.57
ResNet152,256,20x+50x,heightmap,pretrained,frozen,vote,67.05
ResNet152,256,50x,texture,scratch,unfrozen,novote,40.09
ResNet152,256,50x,texture,scratch,unfrozen,vote,45.19
ResNet152,256,50x,texture,scratch,frozen,novote,26.75
ResNet152,256,50x,texture,scratch,frozen,vote,32.69
ResNet152,256,50x,texture,pretrained,unfrozen,novote,37.95
ResNet152,256,50x,texture,pretrained,unfrozen,vote,46.15
ResNet152,256,50x,texture,pretrained,frozen,novote,52.63
ResNet152,256,50x,texture,pretrained,frozen,vote,57.69
ResNet152,256,50x,heightmap,scratch,unfrozen,novote,38.56
ResNet152,256,50x,heightmap,scratch,unfrozen,vote,41.35
ResNet152,256,50x,heightmap,scratch,frozen,novote,27.24
ResNet152,256,50x,heightmap,scratch,frozen,vote,27.88
ResNet152,256,50x,heightmap,pretrained,unfrozen,novote,44.61
ResNet152,256,50x,heightmap,pretrained,unfrozen,vote,49.04
ResNet152,256,50x,heightmap,pretrained,frozen,novote,51.29
ResNet152,256,50x,heightmap,pretrained,frozen,vote,58.65
ResNet152,865,20x,texture,scratch,unfrozen,novote,26.98
ResNet152,865,20x,texture,scratch,unfrozen,vote,29.11
ResNet152,865,20x,texture,scratch,frozen,novote,37.0
ResNet152,865,20x,texture,scratch,frozen,vote,33.54
ResNet152,865,20x,texture,pretrained,unfrozen,novote,23.81
ResNet152,865,20x,texture,pretrained,unfrozen,vote,27.85
ResNet152,865,20x,texture,pretrained,frozen,novote,29.41
ResNet152,865,20x,texture,pretrained,frozen,vote,25.32
ResNet152,865,20x,heightmap,scratch,unfrozen,novote,12.5
ResNet152,865,20x,heightmap,scratch,unfrozen,vote,15.82
ResNet152,865,20x,heightmap,scratch,frozen,novote,37.93
ResNet152,865,20x,heightmap,scratch,frozen,vote,29.11
ResNet152,865,20x,heightmap,pretrained,unfrozen,novote,37.93
ResNet152,865,20x,heightmap,pretrained,unfrozen,vote,27.85
ResNet152,865,20x,heightmap,pretrained,frozen,novote,27.53
ResNet152,865,20x,heightmap,pretrained,frozen,vote,31.65
ResNet152,865,20x+50x,texture,scratch,unfrozen,novote,23.0
ResNet152,865,20x+50x,texture,scratch,unfrozen,vote,27.5
ResNet152,865,20x+50x,texture,scratch,frozen,novote,29.5
ResNet152,865,20x+50x,texture,scratch,frozen,vote,33.33
ResNet152,865,20x+50x,texture,pretrained,unfrozen,novote,22.5
ResNet152,865,20x+50x,texture,pretrained,unfrozen,vote,26.67
ResNet152,865,20x+50x,texture,pretrained,frozen,novote,29.5
ResNet152,865,20x+50x,texture,pretrained,frozen,vote,35.83
ResNet152,865,20x+50x,heightmap,scratch,unfrozen,novote,24.5
ResNet152,865,20x+50x,heightmap,scratch,unfrozen,vote,27.5
ResNet152,865,20x+50x,heightmap,scratch,frozen,novote,23.0
ResNet152,865,20x+50x,heightmap,scratch,frozen,vote,27.5
ResNet152,865,20x+50x,heightmap,pretrained,unfrozen,novote,22.5
ResNet152,865,20x+50x,heightmap,pretrained,unfrozen,vote,26.67
ResNet152,865,20x+50x,heightmap,pretrained,frozen,novote,50.5
ResNet152,865,20x+50x,heightmap,pretrained,frozen,vote,57.5
ResNet152,865,50x,texture,scratch,unfrozen,novote,50.5
ResNet152,865,50x,texture,scratch,unfrozen,vote,29.81
ResNet152,865,50x,texture,scratch,frozen,novote,50.5
ResNet152,865,50x,texture,scratch,frozen,vote,37.5
ResNet152,865,50x,texture,pretrained,unfrozen,novote,50.5
ResNet152,865,50x,texture,pretrained,unfrozen,vote,24.04
ResNet152,865,50x,texture,pretrained,frozen,novote,53.5
ResNet152,865,50x,texture,pretrained,frozen,vote,40.38
ResNet152,865,50x,heightmap,scratch,unfrozen,novote,65.5
ResNet152,865,50x,heightmap,scratch,unfrozen,vote,33.65
ResNet152,865,50x,heightmap,scratch,frozen,novote,59.0
ResNet152,865,50x,heightmap,scratch,frozen,vote,24.04
ResNet152,865,50x,heightmap,pretrained,unfrozen,novote,50.5
ResNet152,865,50x,heightmap,pretrained,unfrozen,vote,27.88
ResNet152,865,50x,heightmap,pretrained,frozen,novote,74.5
ResNet152,865,50x,heightmap,pretrained,frozen,vote,50.96
DINOv2,512,20x,texture,pretrained,frozen,novote,41.79
DINOv2,512,20x,texture,pretrained,frozen,vote,43.07
DINOv2,512,20x,heightmap,pretrained,frozen,novote,33.81
DINOv2,512,20x,heightmap,pretrained,frozen,vote,36.72
DINOv2,512,20x+50x,texture,pretrained,frozen,novote,50.5
DINOv2,512,20x+50x,texture,pretrained,frozen,vote,52.94
DINOv2,512,20x+50x,heightmap,pretrained,frozen,novote,57.9
DINOv2,512,20x+50x,heightmap,pretrained,frozen,vote,58.09
DINOv2,512,50x,texture,pretrained,frozen,novote,51.25
DINOv2,512,50x,texture,pretrained,frozen,vote,54.81
DINOv2,512,50x,heightmap,pretrained,frozen,novote,59.17
DINOv2,512,50x,heightmap,pretrained,frozen,vote,54.81
DINOv2,256,20x,texture,pretrained,frozen,novote,45.69
DINOv2,256,20x,texture,pretrained,frozen,vote,54.39
DINOv2,256,20x,heightmap,pretrained,frozen,novote,33.15
DINOv2,256,20x,heightmap,pretrained,frozen,vote,32.67
DINOv2,256,20x+50x,texture,pretrained,frozen,novote,59.89
DINOv2,256,20x+50x,texture,pretrained,frozen,vote,66.82
DINOv2,256,20x+50x,heightmap,pretrained,frozen,novote,54.04
DINOv2,256,20x+50x,heightmap,pretrained,frozen,vote,66.14
DINOv2,256,50x,texture,pretrained,frozen,novote,54.75
DINOv2,256,50x,texture,pretrained,frozen,vote,55.77
DINOv2,256,50x,heightmap,pretrained,frozen,novote,56.52
DINOv2,256,50x,heightmap,pretrained,frozen,vote,59.62
DINOv2,865,20x,texture,pretrained,frozen,novote,42.98
DINOv2,865,20x,texture,pretrained,frozen,vote,39.87
DINOv2,865,20x,heightmap,pretrained,frozen,novote,46.31
DINOv2,865,20x,heightmap,pretrained,frozen,vote,43.04
DINOv2,865,20x+50x,texture,pretrained,frozen,novote,44.5
DINOv2,865,20x+50x,texture,pretrained,frozen,vote,56.67
DINOv2,865,20x+50x,heightmap,pretrained,frozen,novote,45.5
DINOv2,865,20x+50x,heightmap,pretrained,frozen,vote,53.33
DINOv2,865,50x,texture,pretrained,frozen,novote,71.5
DINOv2,865,50x,texture,pretrained,frozen,vote,55.77
DINOv2,865,50x,heightmap,pretrained,frozen,novote,75.0
DINOv2,865,50x,heightmap,pretrained,frozen,vote,51.92
ViTH,512,20x,texture,pretrained,unfrozen,novote,26.3
ViTH,512,20x,texture,pretrained,unfrozen,vote,23.92
ViTH,512,20x,texture,pretrained,frozen,novote,34.18
ViTH,512,20x,texture,pretrained,frozen,vote,35.45
ViTH,512,20x,heightmap,pretrained,unfrozen,novote,26.2
ViTH,512,20x,heightmap,pretrained,unfrozen,vote,27.72
ViTH,512,20x,heightmap,pretrained,frozen,novote,37.66
ViTH,512,20x,heightmap,pretrained,frozen,vote,42.43
ViTH,512,20x+50x,texture,pretrained,unfrozen,novote,43.2
ViTH,512,20x+50x,texture,pretrained,unfrozen,vote,37.5
ViTH,512,20x+50x,texture,pretrained,frozen,novote,49.0
ViTH,512,20x+50x,texture,pretrained,frozen,vote,57.35
ViTH,512,20x+50x,heightmap,pretrained,unfrozen,novote,28.8
ViTH,512,20x+50x,heightmap,pretrained,unfrozen,vote,35.29
ViTH,512,20x+50x,heightmap,pretrained,frozen,novote,58.1
ViTH,512,20x+50x,heightmap,pretrained,frozen,vote,62.5
ViTH,512,50x,texture,pretrained,unfrozen,novote,25.75
ViTH,512,50x,texture,pretrained,unfrozen,vote,27.88
ViTH,512,50x,texture,pretrained,frozen,novote,43.75
ViTH,512,50x,texture,pretrained,frozen,vote,53.85
ViTH,512,50x,heightmap,pretrained,unfrozen,novote,25.75
ViTH,512,50x,heightmap,pretrained,unfrozen,vote,27.88
ViTH,512,50x,heightmap,pretrained,frozen,novote,56.67
ViTH,512,50x,heightmap,pretrained,frozen,vote,55.77
ViTH,256,20x,texture,pretrained,unfrozen,novote,28.47
ViTH,256,20x,texture,pretrained,unfrozen,vote,31.52
ViTH,256,20x,texture,pretrained,frozen,novote,35.88
ViTH,256,20x,texture,pretrained,frozen,vote,39.26
ViTH,256,20x,heightmap,pretrained,unfrozen,novote,29.94
ViTH,256,20x,heightmap,pretrained,unfrozen,vote,30.26
ViTH,256,20x,heightmap,pretrained,frozen,novote,42.5
ViTH,256,20x,heightmap,pretrained,frozen,vote,46.79
ViTH,256,20x+50x,texture,pretrained,unfrozen,novote,41.81
ViTH,256,20x+50x,texture,pretrained,unfrozen,vote,42.05
ViTH,256,20x+50x,texture,pretrained,frozen,novote,50.89
ViTH,256,20x+50x,texture,pretrained,frozen,vote,57.27
ViTH,256,20x+50x,heightmap,pretrained,unfrozen,novote,39.98
ViTH,256,20x+50x,heightmap,pretrained,unfrozen,vote,42.05
ViTH,256,20x+50x,heightmap,pretrained,frozen,novote,46.39
ViTH,256,20x+50x,heightmap,pretrained,frozen,vote,50.45
ViTH,256,50x,texture,pretrained,unfrozen,novote,20.68
ViTH,256,50x,texture,pretrained,unfrozen,vote,29.81
ViTH,256,50x,texture,pretrained,frozen,novote,51.22
ViTH,256,50x,texture,pretrained,frozen,vote,53.85
ViTH,256,50x,heightmap,pretrained,unfrozen,novote,6.21
ViTH,256,50x,heightmap,pretrained,unfrozen,vote,4.81
ViTH,256,50x,heightmap,pretrained,frozen,novote,52.58
ViTH,256,50x,heightmap,pretrained,frozen,vote,56.73
ViTH,865,20x,texture,pretrained,frozen,vote,32.28
ViTH,865,20x,heightmap,pretrained,unfrozen,novote,37.93
ViTH,865,20x,heightmap,pretrained,unfrozen,vote,27.85
ViTH,865,20x,heightmap,pretrained,frozen,novote,42.55
ViTH,865,20x,heightmap,pretrained,frozen,vote,36.08
ViTH,865,20x+50x,texture,pretrained,unfrozen,novote,22.5
ViTH,865,20x+50x,texture,pretrained,unfrozen,vote,35.83
ViTH,865,20x+50x,texture,pretrained,frozen,novote,41.5
ViTH,865,20x+50x,texture,pretrained,frozen,vote,49.17
ViTH,865,20x+50x,heightmap,pretrained,unfrozen,novote,22.5
ViTH,865,20x+50x,heightmap,pretrained,unfrozen,vote,26.67
ViTH,865,20x+50x,heightmap,pretrained,frozen,novote,41.0
ViTH,865,20x+50x,heightmap,pretrained,frozen,vote,45.0
ViTH,865,50x,texture,pretrained,unfrozen,novote,50.5
ViTH,865,50x,texture,pretrained,unfrozen,vote,31.73
ViTH,865,50x,texture,pretrained,frozen,novote,26.5
ViTH,865,50x,texture,pretrained,frozen,vote,50.96
ViTH,865,50x,heightmap,pretrained,unfrozen,novote,51.0
ViTH,865,50x,heightmap,pretrained,unfrozen,vote,27.88
ViTH,865,50x,heightmap,pretrained,frozen,novote,67.5
ViTH,865,50x,heightmap,pretrained,frozen,vote,54.81
ResNet50,512,20x,texture,scratch,unfrozen,novote,32.46
ResNet50,512,20x,texture,scratch,unfrozen,vote,32.91
ResNet50,512,20x,texture,scratch,frozen,novote,34.5
ResNet50,512,20x,texture,scratch,frozen,vote,33.02
ResNet50,512,20x,texture,pretrained,unfrozen,novote,32.21
ResNet50,512,20x,texture,pretrained,unfrozen,vote,33.02
ResNet50,512,20x,texture,pretrained,frozen,novote,34.46
ResNet50,512,20x,texture,pretrained,frozen,vote,35.45
ResNet50,512,20x,heightmap,scratch,unfrozen,novote,39.53
ResNet50,512,20x,heightmap,scratch,unfrozen,vote,44.44
ResNet50,512,20x,heightmap,scratch,frozen,novote,31.9
ResNet50,512,20x,heightmap,scratch,frozen,vote,27.94
ResNet50,512,20x,heightmap,pretrained,unfrozen,novote,25.5
ResNet50,512,20x,heightmap,pretrained,unfrozen,vote,28.47
ResNet50,512,20x,heightmap,pretrained,frozen,novote,29.78
ResNet50,512,20x,heightmap,pretrained,frozen,vote,31.64
ResNet50,512,20x+50x,texture,scratch,unfrozen,novote,48.6
ResNet50,512,20x+50x,texture,scratch,unfrozen,vote,49.26
ResNet50,512,20x+50x,texture,scratch,frozen,novote,44.2
ResNet50,512,20x+50x,texture,scratch,frozen,vote,42.65
ResNet50,512,20x+50x,texture,pretrained,unfrozen,novote,40.6
ResNet50,512,20x+50x,texture,pretrained,unfrozen,vote,36.03
ResNet50,512,20x+50x,texture,pretrained,frozen,novote,49.4
ResNet50,512,20x+50x,texture,pretrained,frozen,vote,51.47
ResNet50,512,20x+50x,heightmap,scratch,unfrozen,novote,51.5
ResNet50,512,20x+50x,heightmap,scratch,unfrozen,vote,55.15
ResNet50,512,20x+50x,heightmap,scratch,frozen,novote,39.7
ResNet50,512,20x+50x,heightmap,scratch,frozen,vote,35.29
ResNet50,512,20x+50x,heightmap,pretrained,unfrozen,novote,52.0
ResNet50,512,20x+50x,heightmap,pretrained,unfrozen,vote,48.53
ResNet50,512,20x+50x,heightmap,pretrained,frozen,novote,65.3
ResNet50,512,20x+50x,heightmap,pretrained,frozen,vote,66.91
ResNet50,512,50x,texture,scratch,unfrozen,novote,29.25
ResNet50,512,50x,texture,scratch,unfrozen,vote,29.81
ResNet50,512,50x,texture,scratch,frozen,novote,28.0
ResNet50,512,50x,texture,scratch,frozen,vote,36.54
ResNet50,512,50x,texture,pretrained,unfrozen,novote,15.0
ResNet50,512,50x,texture,pretrained,unfrozen,vote,19.23
ResNet50,512,50x,texture,pretrained,frozen,novote,48.5
ResNet50,512,50x,texture,pretrained,frozen,vote,53.85
ResNet50,512,50x,heightmap,scratch,unfrozen,novote,45.0
ResNet50,512,50x,heightmap,scratch,unfrozen,vote,36.54
ResNet50,512,50x,heightmap,scratch,frozen,novote,36.42
ResNet50,512,50x,heightmap,scratch,frozen,vote,35.58
ResNet50,512,50x,heightmap,pretrained,unfrozen,novote,28.92
ResNet50,512,50x,heightmap,pretrained,unfrozen,vote,31.73
ResNet50,512,50x,heightmap,pretrained,frozen,novote,62.5
ResNet50,512,50x,heightmap,pretrained,frozen,vote,55.77
ResNet50,256,20x,texture,scratch,unfrozen,novote,32.35
ResNet50,256,20x,texture,scratch,unfrozen,vote,33.39
ResNet50,256,20x,texture,scratch,frozen,novote,40.24
ResNet50,256,20x,texture,scratch,frozen,vote,47.05
ResNet50,256,20x,texture,pretrained,unfrozen,novote,38.4
ResNet50,256,20x,texture,pretrained,unfrozen,vote,40.41
ResNet50,256,20x,texture,pretrained,frozen,novote,35.76
ResNet50,256,20x,texture,pretrained,frozen,vote,38.57
ResNet50,256,20x,heightmap,scratch,unfrozen,novote,39.2
ResNet50,256,20x,heightmap,scratch,unfrozen,vote,45.73
ResNet50,256,20x,heightmap,scratch,frozen,novote,37.9
ResNet50,256,20x,heightmap,scratch,frozen,vote,38.94
ResNet50,256,20x,heightmap,pretrained,unfrozen,novote,30.03
ResNet50,256,20x,heightmap,pretrained,unfrozen,vote,31.75
ResNet50,256,20x,heightmap,pretrained,frozen,novote,31.11
ResNet50,256,20x,heightmap,pretrained,frozen,vote,36.44
ResNet50,256,20x+50x,texture,scratch,unfrozen,novote,43.0
ResNet50,256,20x+50x,texture,scratch,unfrozen,vote,53.18
ResNet50,256,20x+50x,texture,scratch,frozen,novote,46.96
ResNet50,256,20x+50x,texture,scratch,frozen,vote,50.23
ResNet50,256,20x+50x,texture,pretrained,unfrozen,novote,40.61
ResNet50,256,20x+50x,texture,pretrained,unfrozen,vote,45.23
ResNet50,256,20x+50x,texture,pretrained,frozen,novote,49.82
ResNet50,256,20x+50x,texture,pretrained,frozen,vote,55.23
ResNet50,256,20x+50x,heightmap,scratch,unfrozen,novote,51.96
ResNet50,256,20x+50x,heightmap,scratch,unfrozen,vote,58.64
ResNet50,256,20x+50x,heightmap,scratch,frozen,novote,41.82
ResNet50,256,20x+50x,heightmap,scratch,frozen,vote,44.09
ResNet50,256,20x+50x,heightmap,pretrained,unfrozen,novote,45.14
ResNet50,256,20x+50x,heightmap,pretrained,unfrozen,vote,52.27
ResNet50,256,20x+50x,heightmap,pretrained,frozen,novote,56.93
ResNet50,256,20x+50x,heightmap,pretrained,frozen,vote,62.73
ResNet50,256,50x,texture,scratch,unfrozen,novote,46.0
ResNet50,256,50x,texture,scratch,unfrozen,vote,50.0
ResNet50,256,50x,texture,scratch,frozen,novote,38.35
ResNet50,256,50x,texture,scratch,frozen,vote,47.12
ResNet50,256,50x,texture,pretrained,unfrozen,novote,44.92
ResNet50,256,50x,texture,pretrained,unfrozen,vote,50.0
ResNet50,256,50x,texture,pretrained,frozen,novote,51.17
ResNet50,256,50x,texture,pretrained,frozen,vote,54.81
ResNet50,256,50x,heightmap,scratch,unfrozen,novote,40.19
ResNet50,256,50x,heightmap,scratch,unfrozen,vote,43.27
ResNet50,256,50x,heightmap,scratch,frozen,novote,35.9
ResNet50,256,50x,heightmap,scratch,frozen,vote,41.35
ResNet50,256,50x,heightmap,pretrained,unfrozen,novote,41.14
ResNet50,256,50x,heightmap,pretrained,unfrozen,vote,42.31
ResNet50,256,50x,heightmap,pretrained,frozen,novote,51.73
ResNet50,256,50x,heightmap,pretrained,frozen,vote,60.58
ResNet50,865,20x,texture,scratch,unfrozen,novote,39.45
ResNet50,865,20x,texture,scratch,unfrozen,vote,34.81
ResNet50,865,20x,texture,scratch,frozen,novote,53.03
ResNet50,865,20x,texture,scratch,frozen,vote,50.63
ResNet50,865,20x,texture,pretrained,unfrozen,novote,23.81
ResNet50,865,20x,texture,pretrained,unfrozen,vote,27.85
ResNet50,865,20x,texture,pretrained,frozen,novote,20.71
ResNet50,865,20x,texture,pretrained,frozen,vote,24.05
ResNet50,865,20x,heightmap,scratch,unfrozen,novote,12.5
ResNet50,865,20x,heightmap,scratch,unfrozen,vote,15.82
ResNet50,865,20x,heightmap,scratch,frozen,novote,37.93
ResNet50,865,20x,heightmap,scratch,frozen,vote,27.85
ResNet50,865,20x,heightmap,pretrained,unfrozen,novote,9.0
ResNet50,865,20x,heightmap,pretrained,unfrozen,vote,11.39
ResNet50,865,20x,heightmap,pretrained,frozen,novote,24.71
ResNet50,865,20x,heightmap,pretrained,frozen,vote,27.85
ResNet50,865,20x+50x,texture,scratch,unfrozen,novote,25.5
ResNet50,865,20x+50x,texture,scratch,unfrozen,vote,31.67
ResNet50,865,20x+50x,texture,scratch,frozen,novote,25.0
ResNet50,865,20x+50x,texture,scratch,frozen,vote,31.67
ResNet50,865,20x+50x,texture,pretrained,unfrozen,novote,12.5
ResNet50,865,20x+50x,texture,pretrained,unfrozen,vote,4.17
ResNet50,865,20x+50x,texture,pretrained,frozen,novote,29.0
ResNet50,865,20x+50x,texture,pretrained,frozen,vote,35.0
ResNet50,865,20x+50x,heightmap,scratch,unfrozen,novote,22.5
ResNet50,865,20x+50x,heightmap,scratch,unfrozen,vote,26.67
ResNet50,865,20x+50x,heightmap,scratch,frozen,novote,26.0
ResNet50,865,20x+50x,heightmap,scratch,frozen,vote,27.5
ResNet50,865,20x+50x,heightmap,pretrained,unfrozen,novote,22.5
ResNet50,865,20x+50x,heightmap,pretrained,unfrozen,vote,27.5
ResNet50,865,20x+50x,heightmap,pretrained,frozen,novote,47.5
ResNet50,865,20x+50x,heightmap,pretrained,frozen,vote,50.83
ResNet50,865,50x,texture,scratch,unfrozen,novote,50.5
ResNet50,865,50x,texture,scratch,unfrozen,vote,39.42
ResNet50,865,50x,texture,scratch,frozen,novote,50.5
ResNet50,865,50x,texture,scratch,frozen,vote,41.35
ResNet50,865,50x,texture,pretrained,unfrozen,novote,54.0
ResNet50,865,50x,texture,pretrained,unfrozen,vote,24.04
ResNet50,865,50x,texture,pretrained,frozen,novote,64.0
ResNet50,865,50x,texture,pretrained,frozen,vote,33.65
ResNet50,865,50x,heightmap,scratch,unfrozen,novote,65.5
ResNet50,865,50x,heightmap,scratch,unfrozen,vote,33.65
ResNet50,865,50x,heightmap,scratch,frozen,novote,50.5
ResNet50,865,50x,heightmap,scratch,frozen,vote,27.88
ResNet50,865,50x,heightmap,pretrained,unfrozen,novote,50.5
ResNet50,865,50x,heightmap,pretrained,unfrozen,vote,28.85
ResNet50,865,50x,heightmap,pretrained,frozen,novote,74.0
ResNet50,865,50x,heightmap,pretrained,frozen,vote,53.85
ConvNextLarge,512,20x,texture,scratch,unfrozen,novote,26.2
ConvNextLarge,512,20x,texture,scratch,unfrozen,vote,27.72
ConvNextLarge,512,20x,texture,scratch,frozen,novote,30.0
ConvNextLarge,512,20x,texture,scratch,frozen,vote,32.38
ConvNextLarge,512,20x,texture,pretrained,unfrozen,novote,26.2
ConvNextLarge,512,20x,texture,pretrained,unfrozen,vote,27.72
ConvNextLarge,512,20x,texture,pretrained,frozen,novote,42.63
ConvNextLarge,512,20x,texture,pretrained,frozen,vote,45.61
ConvNextLarge,512,20x,heightmap,scratch,unfrozen,novote,26.2
ConvNextLarge,512,20x,heightmap,scratch,unfrozen,vote,27.72
ConvNextLarge,512,20x,heightmap,scratch,frozen,novote,27.66
ConvNextLarge,512,20x,heightmap,scratch,frozen,vote,34.92
ConvNextLarge,512,20x,heightmap,pretrained,unfrozen,novote,26.2
ConvNextLarge,512,20x,heightmap,pretrained,unfrozen,vote,27.72
ConvNextLarge,512,20x,heightmap,pretrained,frozen,novote,29.66
ConvNextLarge,512,20x,heightmap,pretrained,frozen,vote,34.18
ConvNextLarge,512,20x+50x,texture,scratch,unfrozen,novote,49.33
ConvNextLarge,512,20x+50x,texture,scratch,unfrozen,vote,49.26
ConvNextLarge,512,20x+50x,texture,scratch,frozen,novote,51.5
ConvNextLarge,512,20x+50x,texture,scratch,frozen,vote,38.24
ConvNextLarge,512,20x+50x,texture,pretrained,unfrozen,novote,24.0
ConvNextLarge,512,20x+50x,texture,pretrained,unfrozen,vote,35.29
ConvNextLarge,512,20x+50x,texture,pretrained,frozen,novote,54.83
ConvNextLarge,512,20x+50x,texture,pretrained,frozen,vote,55.88
ConvNextLarge,512,20x+50x,heightmap,scratch,unfrozen,novote,38.17
ConvNextLarge,512,20x+50x,heightmap,scratch,unfrozen,vote,44.12
ConvNextLarge,512,20x+50x,heightmap,scratch,frozen,novote,36.17
ConvNextLarge,512,20x+50x,heightmap,scratch,frozen,vote,36.76
ConvNextLarge,512,20x+50x,heightmap,pretrained,unfrozen,novote,37.17
ConvNextLarge,512,20x+50x,heightmap,pretrained,unfrozen,vote,35.29
ConvNextLarge,512,20x+50x,heightmap,pretrained,frozen,novote,67.67
ConvNextLarge,512,20x+50x,heightmap,pretrained,frozen,vote,58.09
ConvNextLarge,512,50x,texture,scratch,unfrozen,novote,37.71
ConvNextLarge,512,50x,texture,scratch,unfrozen,vote,46.15
ConvNextLarge,512,50x,texture,scratch,frozen,novote,32.07
ConvNextLarge,512,50x,texture,scratch,frozen,vote,31.73
ConvNextLarge,512,50x,texture,pretrained,unfrozen,novote,27.48
ConvNextLarge,512,50x,texture,pretrained,unfrozen,vote,30.77
ConvNextLarge,512,50x,texture,pretrained,frozen,novote,45.23
ConvNextLarge,512,50x,texture,pretrained,frozen,vote,52.88
ConvNextLarge,512,50x,heightmap,scratch,unfrozen,novote,27.23
ConvNextLarge,512,50x,heightmap,scratch,unfrozen,vote,27.88
ConvNextLarge,512,50x,heightmap,scratch,frozen,novote,26.82
ConvNextLarge,512,50x,heightmap,scratch,frozen,vote,31.73
ConvNextLarge,512,50x,heightmap,pretrained,unfrozen,novote,12.05
ConvNextLarge,512,50x,heightmap,pretrained,unfrozen,vote,8.65
ConvNextLarge,512,50x,heightmap,pretrained,frozen,novote,51.52
ConvNextLarge,512,50x,heightmap,pretrained,frozen,vote,57.69
ConvNextLarge,256,20x,texture,scratch,unfrozen,novote,29.06
ConvNextLarge,256,20x,texture,scratch,unfrozen,vote,29.68
ConvNextLarge,256,20x,texture,scratch,frozen,novote,37.61
ConvNextLarge,256,20x,texture,scratch,frozen,vote,43.54
ConvNextLarge,256,20x,texture,pretrained,unfrozen,novote,25.39
ConvNextLarge,256,20x,texture,pretrained,unfrozen,vote,26.92
ConvNextLarge,256,20x,texture,pretrained,frozen,novote,36.18
ConvNextLarge,256,20x,texture,pretrained,frozen,vote,40.64
ConvNextLarge,256,20x,heightmap,scratch,unfrozen,novote,29.94
ConvNextLarge,256,20x,heightmap,scratch,unfrozen,vote,30.14
ConvNextLarge,256,20x,heightmap,scratch,frozen,novote,24.23
ConvNextLarge,256,20x,heightmap,scratch,frozen,vote,29.34
ConvNextLarge,256,20x,heightmap,pretrained,unfrozen,novote,29.94
ConvNextLarge,256,20x,heightmap,pretrained,unfrozen,vote,30.14
ConvNextLarge,256,20x,heightmap,pretrained,frozen,novote,33.27
ConvNextLarge,256,20x,heightmap,pretrained,frozen,vote,33.74
ConvNextLarge,256,20x+50x,texture,scratch,unfrozen,novote,44.39
ConvNextLarge,256,20x+50x,texture,scratch,unfrozen,vote,42.05
ConvNextLarge,256,20x+50x,texture,scratch,frozen,novote,48.36
ConvNextLarge,256,20x+50x,texture,scratch,frozen,vote,51.59
ConvNextLarge,256,20x+50x,texture,pretrained,unfrozen,novote,37.71
ConvNextLarge,256,20x+50x,texture,pretrained,unfrozen,vote,40.0
ConvNextLarge,256,20x+50x,texture,pretrained,frozen,novote,56.14
ConvNextLarge,256,20x+50x,texture,pretrained,frozen,vote,66.82
ConvNextLarge,256,20x+50x,heightmap,scratch,unfrozen,novote,40.39
ConvNextLarge,256,20x+50x,heightmap,scratch,unfrozen,vote,40.0
ConvNextLarge,256,20x+50x,heightmap,scratch,frozen,novote,35.82
ConvNextLarge,256,20x+50x,heightmap,scratch,frozen,vote,43.41
ConvNextLarge,256,20x+50x,heightmap,pretrained,unfrozen,novote,37.71
ConvNextLarge,256,20x+50x,heightmap,pretrained,unfrozen,vote,40.0
ConvNextLarge,256,20x+50x,heightmap,pretrained,frozen,novote,53.18
ConvNextLarge,256,20x+50x,heightmap,pretrained,frozen,vote,61.59
ConvNextLarge,256,50x,texture,scratch,unfrozen,novote,32.84
ConvNextLarge,256,50x,texture,scratch,unfrozen,vote,31.73
ConvNextLarge,256,50x,texture,scratch,frozen,novote,42.7
ConvNextLarge,256,50x,texture,scratch,frozen,vote,46.15
ConvNextLarge,256,50x,texture,pretrained,unfrozen,novote,31.51
ConvNextLarge,256,50x,texture,pretrained,unfrozen,vote,30.77
ConvNextLarge,256,50x,texture,pretrained,frozen,novote,50.57
ConvNextLarge,256,50x,texture,pretrained,frozen,vote,54.81
ConvNextLarge,256,50x,heightmap,scratch,unfrozen,novote,42.96
ConvNextLarge,256,50x,heightmap,scratch,unfrozen,vote,50.0
ConvNextLarge,256,50x,heightmap,scratch,frozen,novote,24.54
ConvNextLarge,256,50x,heightmap,scratch,frozen,vote,32.69
ConvNextLarge,256,50x,heightmap,pretrained,unfrozen,novote,10.9
ConvNextLarge,256,50x,heightmap,pretrained,unfrozen,vote,4.81
ConvNextLarge,256,50x,heightmap,pretrained,frozen,novote,54.15
ConvNextLarge,256,50x,heightmap,pretrained,frozen,vote,60.58
ConvNextLarge,865,20x,texture,scratch,unfrozen,novote,29.11
ConvNextLarge,865,20x,texture,scratch,unfrozen,vote,29.11
ConvNextLarge,865,20x,texture,scratch,frozen,novote,34.18
ConvNextLarge,865,20x,texture,scratch,frozen,vote,34.18
ConvNextLarge,865,20x,texture,pretrained,unfrozen,novote,27.85
ConvNextLarge,865,20x,texture,pretrained,unfrozen,vote,27.85
ConvNextLarge,865,20x,texture,pretrained,frozen,novote,48.1
ConvNextLarge,865,20x,texture,pretrained,frozen,vote,48.1
ConvNextLarge,865,20x,heightmap,scratch,unfrozen,novote,27.85
ConvNextLarge,865,20x,heightmap,scratch,unfrozen,vote,27.85
ConvNextLarge,865,20x,heightmap,scratch,frozen,novote,28.48
ConvNextLarge,865,20x,heightmap,scratch,frozen,vote,28.48
ConvNextLarge,865,20x,heightmap,pretrained,unfrozen,novote,27.85
ConvNextLarge,865,20x,heightmap,pretrained,unfrozen,vote,27.85
ConvNextLarge,865,20x,heightmap,pretrained,frozen,novote,44.3
ConvNextLarge,865,20x,heightmap,pretrained,frozen,vote,44.3
ConvNextLarge,865,20x+50x,texture,scratch,unfrozen,novote,40.83
ConvNextLarge,865,20x+50x,texture,scratch,unfrozen,vote,40.83
ConvNextLarge,865,20x+50x,texture,scratch,frozen,novote,37.5
ConvNextLarge,865,20x+50x,texture,scratch,frozen,vote,37.5
ConvNextLarge,865,20x+50x,texture,pretrained,unfrozen,novote,29.17
ConvNextLarge,865,20x+50x,texture,pretrained,unfrozen,vote,29.17
ConvNextLarge,865,20x+50x,texture,pretrained,frozen,novote,52.5
ConvNextLarge,865,20x+50x,heightmap,scratch,unfrozen,novote,27.5
ConvNextLarge,865,20x+50x,heightmap,scratch,unfrozen,vote,27.5
ConvNextLarge,865,20x+50x,heightmap,scratch,frozen,novote,32.5
ConvNextLarge,865,20x+50x,heightmap,scratch,frozen,vote,32.5
ConvNextLarge,865,20x+50x,heightmap,pretrained,unfrozen,novote,26.67
ConvNextLarge,865,20x+50x,heightmap,pretrained,unfrozen,vote,26.67
ConvNextLarge,865,20x+50x,heightmap,pretrained,frozen,novote,60.0
ConvNextLarge,865,20x+50x,heightmap,pretrained,frozen,vote,60.0
ConvNextLarge,865,50x,texture,scratch,unfrozen,novote,44.23
ConvNextLarge,865,50x,texture,scratch,unfrozen,vote,44.23
ConvNextLarge,865,50x,texture,scratch,frozen,novote,46.15
ConvNextLarge,865,50x,texture,scratch,frozen,vote,46.15
ConvNextLarge,865,50x,texture,pretrained,unfrozen,novote,19.23
ConvNextLarge,865,50x,texture,pretrained,unfrozen,vote,19.23
ConvNextLarge,865,50x,texture,pretrained,frozen,novote,53.85
ConvNextLarge,865,50x,texture,pretrained,frozen,vote,53.85
ConvNextLarge,865,50x,heightmap,scratch,unfrozen,novote,34.62
ConvNextLarge,865,50x,heightmap,scratch,unfrozen,vote,34.62
ConvNextLarge,865,50x,heightmap,scratch,frozen,novote,27.88
ConvNextLarge,865,50x,heightmap,scratch,frozen,vote,27.88
ConvNextLarge,865,50x,heightmap,pretrained,unfrozen,novote,27.88
ConvNextLarge,865,50x,heightmap,pretrained,unfrozen,vote,27.88
ConvNextLarge,865,50x,heightmap,pretrained,frozen,novote,58.65
ConvNextLarge,865,50x,heightmap,pretrained,frozen,vote,58.65
ConvNextTiny,512,20x,texture,scratch,unfrozen,novote,29.84
ConvNextTiny,512,20x,texture,scratch,unfrozen,vote,29.74
ConvNextTiny,512,20x,texture,scratch,frozen,novote,30.21
ConvNextTiny,512,20x,texture,scratch,frozen,vote,34.07
ConvNextTiny,512,20x,texture,pretrained,unfrozen,novote,26.2
ConvNextTiny,512,20x,texture,pretrained,unfrozen,vote,27.72
ConvNextTiny,512,20x,texture,pretrained,frozen,novote,40.78
ConvNextTiny,512,20x,texture,pretrained,frozen,vote,40.53
ConvNextTiny,512,20x,heightmap,scratch,unfrozen,novote,40.92
ConvNextTiny,512,20x,heightmap,scratch,unfrozen,vote,45.71
ConvNextTiny,512,20x,heightmap,scratch,frozen,novote,23.81
ConvNextTiny,512,20x,heightmap,scratch,frozen,vote,24.02
ConvNextTiny,512,20x,heightmap,pretrained,unfrozen,novote,26.2
ConvNextTiny,512,20x,heightmap,pretrained,unfrozen,vote,27.72
ConvNextTiny,512,20x,heightmap,pretrained,frozen,novote,38.53
ConvNextTiny,512,20x,heightmap,pretrained,frozen,vote,40.53
ConvNextTiny,512,20x+50x,texture,scratch,unfrozen,novote,36.25
ConvNextTiny,512,20x+50x,texture,scratch,unfrozen,vote,36.75
ConvNextTiny,512,20x+50x,texture,scratch,frozen,novote,49.25
ConvNextTiny,512,20x+50x,texture,scratch,frozen,vote,49.5
ConvNextTiny,512,20x+50x,texture,pretrained,unfrozen,novote,28.8
ConvNextTiny,512,20x+50x,texture,pretrained,unfrozen,vote,35.29
ConvNextTiny,512,20x+50x,texture,pretrained,frozen,novote,59.3
ConvNextTiny,512,20x+50x,texture,pretrained,frozen,vote,58.09
ConvNextTiny,512,20x+50x,heightmap,scratch,unfrozen,novote,44.7
ConvNextTiny,512,20x+50x,heightmap,scratch,unfrozen,vote,44.12
ConvNextTiny,512,20x+50x,heightmap,scratch,frozen,novote,34.2
ConvNextTiny,512,20x+50x,heightmap,scratch,frozen,vote,44.25
ConvNextTiny,512,20x+50x,heightmap,pretrained,unfrozen,novote,36.0
ConvNextTiny,512,20x+50x,heightmap,pretrained,unfrozen,vote,36.0
ConvNextTiny,512,20x+50x,heightmap,pretrained,frozen,novote,55.25
ConvNextTiny,512,20x+50x,heightmap,pretrained,frozen,vote,60.25
ConvNextTiny,512,50x,texture,scratch,unfrozen,novote,35.75
ConvNextTiny,512,50x,texture,scratch,unfrozen,vote,30.77
ConvNextTiny,512,50x,texture,scratch,frozen,novote,35.5
ConvNextTiny,512,50x,texture,scratch,frozen,vote,31.73
ConvNextTiny,512,50x,texture,pretrained,unfrozen,novote,35.75
ConvNextTiny,512,50x,texture,pretrained,unfrozen,vote,46.15
ConvNextTiny,512,50x,texture,pretrained,frozen,novote,49.83
ConvNextTiny,512,50x,texture,pretrained,frozen,vote,54.81
ConvNextTiny,512,50x,heightmap,scratch,unfrozen,novote,25.75
ConvNextTiny,512,50x,heightmap,scratch,unfrozen,vote,19.23
ConvNextTiny,512,50x,heightmap,scratch,frozen,novote,30.17
ConvNextTiny,512,50x,heightmap,scratch,frozen,vote,32.69
ConvNextTiny,512,50x,heightmap,pretrained,unfrozen,novote,25.75
ConvNextTiny,512,50x,heightmap,pretrained,unfrozen,vote,27.88
ConvNextTiny,512,50x,heightmap,pretrained,frozen,novote,64.25
ConvNextTiny,512,50x,heightmap,pretrained,frozen,vote,57.69
ConvNextTiny,256,20x,texture,scratch,unfrozen,novote,30.68
ConvNextTiny,256,20x,texture,scratch,unfrozen,vote,35.2
ConvNextTiny,256,20x,texture,scratch,frozen,novote,28.04
ConvNextTiny,256,20x,texture,scratch,frozen,vote,28.65
ConvNextTiny,256,20x,texture,pretrained,unfrozen,novote,29.94
ConvNextTiny,256,20x,texture,pretrained,unfrozen,vote,30.14
ConvNextTiny,256,20x,texture,pretrained,frozen,novote,35.44
ConvNextTiny,256,20x,texture,pretrained,frozen,vote,38.88
ConvNextTiny,256,20x,heightmap,scratch,unfrozen,novote,33.23
ConvNextTiny,256,20x,heightmap,scratch,unfrozen,vote,40.61
ConvNextTiny,256,20x,heightmap,scratch,frozen,novote,23.62
ConvNextTiny,256,20x,heightmap,scratch,frozen,vote,28.07
ConvNextTiny,256,20x,heightmap,pretrained,unfrozen,novote,29.94
ConvNextTiny,256,20x,heightmap,pretrained,unfrozen,vote,30.14
ConvNextTiny,256,20x,heightmap,pretrained,frozen,novote,34.02
ConvNextTiny,256,20x,heightmap,pretrained,frozen,vote,37.19
ConvNextTiny,256,20x+50x,texture,scratch,unfrozen,novote,45.79
ConvNextTiny,256,20x+50x,texture,scratch,unfrozen,vote,44.09
ConvNextTiny,256,20x+50x,texture,scratch,frozen,novote,46.04
ConvNextTiny,256,20x+50x,texture,scratch,frozen,vote,54.32
ConvNextTiny,256,20x+50x,texture,pretrained,unfrozen,novote,37.71
ConvNextTiny,256,20x+50x,texture,pretrained,unfrozen,vote,40.0
ConvNextTiny,256,20x+50x,texture,pretrained,frozen,novote,56.14
ConvNextTiny,256,20x+50x,texture,pretrained,frozen,vote,62.27
ConvNextTiny,256,20x+50x,heightmap,scratch,unfrozen,novote,53.14
ConvNextTiny,256,20x+50x,heightmap,scratch,unfrozen,vote,58.41
ConvNextTiny,256,20x+50x,heightmap,scratch,frozen,novote,37.07
ConvNextTiny,256,20x+50x,heightmap,scratch,frozen,vote,43.41
ConvNextTiny,256,20x+50x,heightmap,pretrained,unfrozen,novote,37.71
ConvNextTiny,256,20x+50x,heightmap,pretrained,unfrozen,vote,40.0
ConvNextTiny,256,20x+50x,heightmap,pretrained,frozen,novote,51.32
ConvNextTiny,256,20x+50x,heightmap,pretrained,frozen,vote,54.55
ConvNextTiny,256,50x,texture,scratch,unfrozen,novote,24.17
ConvNextTiny,256,50x,texture,scratch,unfrozen,vote,23.08
ConvNextTiny,256,50x,texture,scratch,frozen,novote,40.38
ConvNextTiny,256,50x,texture,scratch,frozen,vote,45.19
ConvNextTiny,256,50x,texture,pretrained,unfrozen,novote,29.65
ConvNextTiny,256,50x,texture,pretrained,unfrozen,vote,28.85
ConvNextTiny,256,50x,texture,pretrained,frozen,novote,53.43
ConvNextTiny,256,50x,texture,pretrained,frozen,vote,56.73
ConvNextTiny,256,50x,heightmap,scratch,unfrozen,novote,37.86
ConvNextTiny,256,50x,heightmap,scratch,unfrozen,vote,35.58
ConvNextTiny,256,50x,heightmap,scratch,frozen,novote,22.3
ConvNextTiny,256,50x,heightmap,scratch,frozen,vote,23.08
ConvNextTiny,256,50x,heightmap,pretrained,unfrozen,novote,10.9
ConvNextTiny,256,50x,heightmap,pretrained,unfrozen,vote,4.81
ConvNextTiny,256,50x,heightmap,pretrained,frozen,novote,51.62
ConvNextTiny,256,50x,heightmap,pretrained,frozen,vote,55.77
ConvNextTiny,865,20x,texture,scratch,unfrozen,novote,22.53
ConvNextTiny,865,20x,texture,scratch,unfrozen,vote,28.48
ConvNextTiny,865,20x,texture,scratch,frozen,novote,33.1
ConvNextTiny,865,20x,texture,scratch,frozen,vote,34.18
ConvNextTiny,865,20x,texture,pretrained,unfrozen,novote,23.81
ConvNextTiny,865,20x,texture,pretrained,unfrozen,vote,27.85
ConvNextTiny,865,20x,texture,pretrained,frozen,novote,45.95
ConvNextTiny,865,20x,texture,pretrained,frozen,vote,43.04
ConvNextTiny,865,20x,heightmap,scratch,unfrozen,novote,23.81
ConvNextTiny,865,20x,heightmap,scratch,unfrozen,vote,27.85
ConvNextTiny,865,20x,heightmap,scratch,frozen,novote,36.81
ConvNextTiny,865,20x,heightmap,scratch,frozen,vote,31.01
ConvNextTiny,865,20x,heightmap,pretrained,unfrozen,novote,37.93
ConvNextTiny,865,20x,heightmap,pretrained,unfrozen,vote,27.85
ConvNextTiny,865,20x,heightmap,pretrained,frozen,novote,37.55
ConvNextTiny,865,20x,heightmap,pretrained,frozen,vote,36.08
ConvNextTiny,865,20x+50x,texture,scratch,unfrozen,novote,31.0
ConvNextTiny,865,20x+50x,texture,scratch,unfrozen,vote,40.83
ConvNextTiny,865,20x+50x,texture,scratch,frozen,novote,37.5
ConvNextTiny,865,20x+50x,texture,scratch,frozen,vote,36.67
ConvNextTiny,865,20x+50x,texture,pretrained,unfrozen,novote,30.0
ConvNextTiny,865,20x+50x,texture,pretrained,unfrozen,vote,28.33
ConvNextTiny,865,20x+50x,texture,pretrained,frozen,novote,54.5
ConvNextTiny,865,20x+50x,texture,pretrained,frozen,vote,56.67
ConvNextTiny,865,20x+50x,heightmap,scratch,unfrozen,novote,27.5
ConvNextTiny,865,20x+50x,heightmap,scratch,unfrozen,vote,29.17
ConvNextTiny,865,20x+50x,heightmap,scratch,frozen,novote,29.5
ConvNextTiny,865,20x+50x,heightmap,scratch,frozen,vote,29.17
ConvNextTiny,865,20x+50x,heightmap,pretrained,unfrozen,novote,22.5
ConvNextTiny,865,20x+50x,heightmap,pretrained,unfrozen,vote,26.67
ConvNextTiny,865,20x+50x,heightmap,pretrained,frozen,novote,52.0
ConvNextTiny,865,20x+50x,heightmap,pretrained,frozen,vote,56.67
ConvNextTiny,865,50x,texture,scratch,unfrozen,novote,39.5
ConvNextTiny,865,50x,texture,scratch,unfrozen,vote,46.15
ConvNextTiny,865,50x,texture,scratch,frozen,novote,40.5
ConvNextTiny,865,50x,texture,scratch,frozen,vote,33.65
ConvNextTiny,865,50x,texture,pretrained,unfrozen,novote,50.5
ConvNextTiny,865,50x,texture,pretrained,unfrozen,vote,27.88
ConvNextTiny,865,50x,texture,pretrained,frozen,novote,74.0
ConvNextTiny,865,50x,texture,pretrained,frozen,vote,53.85
ConvNextTiny,865,50x,heightmap,scratch,unfrozen,novote,62.0
ConvNextTiny,865,50x,heightmap,scratch,unfrozen,vote,26.92
ConvNextTiny,865,50x,heightmap,scratch,frozen,novote,58.5
ConvNextTiny,865,50x,heightmap,scratch,frozen,vote,29.81
ConvNextTiny,865,50x,heightmap,pretrained,unfrozen,novote,50.5
ConvNextTiny,865,50x,heightmap,pretrained,unfrozen,vote,27.88
ConvNextTiny,865,50x,heightmap,pretrained,frozen,novote,75.5
ConvNextTiny,865,50x,heightmap,pretrained,frozen,vote,52.88
